Username;DateTime;Retweets;Text;Hashtag;ID;Permanentlink;Concept;Latitud;Longitud;Radius
Dav_FrancoMFC14;2018-03-30 22:38;0;Viernes Santos con la bb #Kira en Agrupacion De Vivienda Mazuren16 https://www. instagram.com/p/Bg-JgSPHEmQp 43TW8sQVN6l21EktzhJg8-5mnw0/ ...;#Kira;979910772099870725;https://twitter.com/Dav_FrancoMFC14/status/979910772099870725;4.62433;-74.063644;40km
NesberoR;2018-03-30 21:39;0;" @WRadioColombia :Un sargento muerto deja hostigamiento en Catatumbo http:// bit.ly/2Gn6brL pic.twitter.com/dHiiJvRR0G "esa es su paz Santos ?;;979895984787476482;https://twitter.com/NesberoR/status/979895984787476482;4.62433;-74.063644;40km
saracuesta;2018-03-30 13:40;0;Viernes Santos . El viacrucis de Jesus y la pasion de nuestra confianza. En el viacrucis... https://www. instagram.com/p/Bg9LnnLnAm6/;;979775266141634560;https://twitter.com/saracuesta/status/979775266141634560;4.62433;-74.063644;40km
videolaclaqueta;2018-03-29 11:07;0;Este jueves y viernes santos , si abrimos para ustedes, si quieres descansar y quedarte en casa... https://www. instagram.com/p/Bg6V0FInF73/;;979374492811251712;https://twitter.com/videolaclaqueta/status/979374492811251712;4.62433;-74.063644;40km
jackassrockbar;2018-03-28 17:00;1;#hoy miercoles #santo de #karaoke #karaokito vengan a ser los #santos #rockstars ... https://www. instagram.com/p/Bg4ZAQdHkin/;#hoy #santo #karaoke #karaokito #santos #rockstars;979100926895165441;https://twitter.com/jackassrockbar/status/979100926895165441;4.62433;-74.063644;40km
jackassrockbar;2018-03-25 23:57;0;Feliz #semanasanta #abajodelalibre abierto para todos los #santos en jackassrock bar https://www. instagram.com/p/BgxayQ_BIbV/;#semanasanta #abajodelalibre #santos;978118794622263296;https://twitter.com/jackassrockbar/status/978118794622263296;4.62433;-74.063644;40km
mitoponce;2018-03-24 11:10;0;Aplaudo el ejemplo democratico en Peru, con la renuncia presidente por corrupcion caso #Odebrech . Y ahora espero su renuncia Sr Pte Santos .;#Odebrech;977563418168315904;https://twitter.com/mitoponce/status/977563418168315904;4.62433;-74.063644;40km
LuisPbro;2018-03-23 11:32;0;Gracias Senor porque nos permites seguir dando dignidad a este lugar visitado por dos Santos ... https://www. instagram.com/p/Bgq73HDlIqV/;;977206362525634562;https://twitter.com/LuisPbro/status/977206362525634562;4.62433;-74.063644;40km
fotografoyo;2018-03-22 19:05;0;#Presidente Juan Manuel Santos #fotografoyo #fotografianelsonhernandezche en Club El Nogal https://www. instagram.com/p/BgpK-C4joIo/;#Presidente #fotografoyo #fotografianelsonhernandezche;976958114904723456;https://twitter.com/fotografoyo/status/976958114904723456;4.62433;-74.063644;40km
ericssoncel;2018-03-17 08:14;0;Gracias a Dios y mis Santos Por permitirme celebrar en familia un... https://www. instagram.com/p/BgbIenUhBZBV NRzMaLXDfMfqUSXXqMHEknKobs0/ ...;;974982332376670208;https://twitter.com/ericssoncel/status/974982332376670208;4.62433;-74.063644;40km
ErikaLiliVargas;2018-03-11 23:02;0;Great Team Champions #gameday @Barrio Eduardo Santos ... https://www. instagram.com/p/BgNRSHNhJ8y0 9QAz5F51jP6HyHNTSqdKzHeChs0/ ...;#gameday;973031347248861185;https://twitter.com/ErikaLiliVargas/status/973031347248861185;4.62433;-74.063644;40km
FatimaMG;2018-03-11 09:30;0;Puesto de votacion 01 del Congreso de la Republica donde votan el Presidente Santos & los ex... https://www. instagram.com/p/BgL0bR1A3We/;;972827156534341632;https://twitter.com/FatimaMG/status/972827156534341632;4.62433;-74.063644;40km
WasiNews24;2018-03-10 22:41;0;Gabriel santos candidato del Centro Democratico a la Camara en Bogota... https://www. instagram.com/p/BgKwtqyFT_p/;;972678979709755392;https://twitter.com/WasiNews24/status/972678979709755392;4.62433;-74.063644;40km
finseya5;2018-03-08 13:50;5;http:// bit.ly/2FuiXo9 pic.twitter.com/k57RuDncql " Esto dicen siempre y perdimos 5 candidatos ganadores @santos Proteccion a @petrogustavo;;971820484559024129;https://twitter.com/finseya5/status/971820484559024129;4.62433;-74.063644;40km
DrPasm;2018-03-04 18:37;0;De Izquierda a Derecha: Dr. Santos Wilfredo Lopez, MD, Dr. Pedro A. Sanchez M, MD, Dr. Alfredo... https://www. instagram.com/p/Bf64RTenw3C/;;970443066350952449;https://twitter.com/DrPasm/status/970443066350952449;4.62433;-74.063644;40km
TrendsBogota;2018-03-04 14:48;0;'gerlein', 'corruptora' y ' santos -vargas' es ahora una tendencia en #Bogota https://www. trendsmap.com/r/CO_BOG_yafwqb pic.twitter.com/l4z682mVEt;#Bogot;970385597901803520;https://twitter.com/TrendsBogota/status/970385597901803520;4.62433;-74.063644;40km
CaroPaguayG12;2018-03-03 23:35;0;Hoy en la Fiesta #SiEsposible declaramos como uno solo #SiEsposible Proteger la familia #SiEsposible Dignificar la Mujer #SiEsposible Vivir Sin Miedo #SiEsposible corregir los acuerdos Farc Santos Colombia dijo No al #Petrochavismo Colombia Eres Tierra de Avivamiento pic.twitter.com/bLDXoGQivj;#SiEsposible #SiEsposible #SiEsposible #SiEsposible #SiEsposible #Petrochavismo;970155790790258688;https://twitter.com/CaroPaguayG12/status/970155790790258688;4.62433;-74.063644;40km
GermanSuarezVal;2018-03-31 17:56;0;@petrogustavo Pido al Congreso debatir: Legalizar Drogas y poder exportar sus derivados bien elaborados MADE IN COLOMBIA;;980202170099355648;https://twitter.com/GermanSuarezVal/status/980202170099355648;4.62433;-74.063644;40km
GermanSuarezVal;2018-03-31 17:52;0;@petrogustavo Formemos el Pais que queremos, Desarrollado, sin Corrupcion, sin mentiras. Todo un Paraiso que venga gente de todo el mundo;;980201086270230529;https://twitter.com/GermanSuarezVal/status/980201086270230529;4.62433;-74.063644;40km
pattyRobayoSu;2018-03-30 23:35;1;mente brillante,propuestas sensatas,el mejor modelo de gobierno,el unico Gustavo Petro presidente;;979925014605697024;https://twitter.com/pattyRobayoSu/status/979925014605697024;4.62433;-74.063644;40km
GermanSuarezVal;2018-03-30 14:44;0;@petrogustavo Recursos p Estado Social d Derecho no para Financiar Guerras interminables contra el Narcotrafico. crear FEDERACION COCALEROS;;979791617690427392;https://twitter.com/GermanSuarezVal/status/979791617690427392;4.62433;-74.063644;40km
GermanSuarezVal;2018-03-30 14:37;0;@petrogustavo Recursos publicos no deben usarse para guerra contra Narcotraficantes. Basta con Legalizar la Cocaina, derivados y exportar;;979789609688289280;https://twitter.com/GermanSuarezVal/status/979789609688289280;4.62433;-74.063644;40km
NesberoR;2018-03-30 12:58;0;" @lafm :Gustavo Petro sostiene que Maduro es un dictador que mata https:// bit.ly/2EaS4nS #LAFM pic.twitter.com/CoWBljXE7A " dificil creerle!;#LAFM;979764865064751104;https://twitter.com/NesberoR/status/979764865064751104;4.62433;-74.063644;40km
NesberoR;2018-03-30 12:54;0;" @lafm : Petro : Hugo Chavez no fue un dictador https:// bit.ly/2EaS4nS #LAFM " pero como? si era el idolo del man!;#LAFM;979763901373059072;https://twitter.com/NesberoR/status/979763901373059072;4.62433;-74.063644;40km
NesberoR;2018-03-30 12:36;0;pobre guev..........., lo mismo de siempre.;;979759318038917121;https://twitter.com/NesberoR/status/979759318038917121;4.62433;-74.063644;40km
willi77am;2018-03-28 22:45;0;@petrogustavo amigo: en sus presentaciones por favor dediques a mostrar su plan de gobierno aplicado a la.region donde esta;;979187787835506688;https://twitter.com/willi77am/status/979187787835506688;4.62433;-74.063644;40km
finseya5;2018-03-28 20:00;1;@petrogustavo Petro en San Onofre, rinde homenaje a las victimas de la guerra y contagia de esperanza suenos de paz pic.twitter.com/5rXpnnvc9X;;979146168927182849;https://twitter.com/finseya5/status/979146168927182849;4.62433;-74.063644;40km
finseya5;2018-03-27 22:36;2;La verdadera lucha contra la corrupcion pasa por ciudadanias que levanten su voz. Petro en Sahagun,tierra del nono. pic.twitter.com/6RfWCsYXxn;;978823182445670401;https://twitter.com/finseya5/status/978823182445670401;4.62433;-74.063644;40km
NesberoR;2018-03-27 22:06;0;, claro que lo hizo bien, partio a los verdes con la doctorisima Robledo.;;978815569960013824;https://twitter.com/NesberoR/status/978815569960013824;4.62433;-74.063644;40km
gioul9804;2018-03-27 19:59;0;@petrogustavo le dio a #Bogota el premio al liderazgo ambiental,hoy penalosa nos tiene en #AlertaAmarilla , los mismos,los mismos resultados;#Bogot #AlertaAmarilla;978783665965748225;https://twitter.com/gioul9804/status/978783665965748225;4.62433;-74.063644;40km
gioul9804;2018-03-27 19:54;0;Sabia ud que @petrogustavo le dio a la ciudad el premio al mejor liderazgo ambiental? Hoy penalosa nos tiene en alerta amarilla,;;978782354750820352;https://twitter.com/gioul9804/status/978782354750820352;4.62433;-74.063644;40km
finseya5;2018-03-27 18:51;0;@petrogustavo no solo es vender, sino generar empleo, soberania alimentaria y proteger la naturaleza. NO AL FRACKING pic.twitter.com/nDrq2OweEB;;978766612768620545;https://twitter.com/finseya5/status/978766612768620545;4.62433;-74.063644;40km
josehincapie922;2018-03-26 22:45;0;@petrogustavo buena esa!!!!;;978462914217734144;https://twitter.com/josehincapie922/status/978462914217734144;4.62433;-74.063644;40km
Williamvarg2016;2018-03-25 10:34;0;Petro presidente pic.twitter.com/VOpdLxFIzi;;977916684840431616;https://twitter.com/Williamvarg2016/status/977916684840431616;4.62433;-74.063644;40km
Williamvarg2016;2018-03-25 10:31;0;Nosotros estamos con nuestro presidente petro pic.twitter.com/HI97xCOS4B;;977915928770990081;https://twitter.com/Williamvarg2016/status/977915928770990081;4.62433;-74.063644;40km
canon_manuel;2018-03-25 02:14;0;@petrogustavo Colombia humana debe liderar un movimiento de las juventudes para luchar contra los danos ambientales causados por ecopetrol.;;977790844496379904;https://twitter.com/canon_manuel/status/977790844496379904;4.62433;-74.063644;40km
mrgcolombia;2018-03-24 12:11;0;" @ActualidadRT : FOTO: Afirman haber captado al fantasma de Pablo Escobar en la casa donde vivia @jsanchezcristo yava Petro a saludar a pablo;;977578753533542400;https://twitter.com/mrgcolombia/status/977578753533542400;4.62433;-74.063644;40km
juancelene;2018-03-19 21:58;0;El petro debe ser vigilado cada segundo y las personas que lo manejan estan manejando el futuro de venezuela asesorence de max;;975914457095397384;https://twitter.com/juancelene/status/975914457095397384;4.62433;-74.063644;40km
NesberoR;2018-03-19 20:00;0;que tal este cretino, respete a la familia por lo menos, ellos tienen mas derecho que usted!;;975884712106438657;https://twitter.com/NesberoR/status/975884712106438657;4.62433;-74.063644;40km
angel_21k;2018-03-19 00:44;0;@petrogustavo por lo que mas quieras lucha esa presidencia hasta el final...... Eres nuestra esperanza!!!! Ojala algun dia te pueda conocer!!!! #petrista pic.twitter.com/EKTs3glQoU;#petrista;975593775757131776;https://twitter.com/angel_21k/status/975593775757131776;4.62433;-74.063644;40km
canon_manuel;2018-03-18 21:57;0;@juanmanuelgalan Sr Galan no se ofenda por el buen uso de Petro a la memoria de su padre y haga buen uso de los dineros de su fundacion.;;975551862400221184;https://twitter.com/canon_manuel/status/975551862400221184;4.62433;-74.063644;40km
NesberoR;2018-03-18 21:41;0;yo quiero un pais que no este en las manos da Petro .;;975547695522869248;https://twitter.com/NesberoR/status/975547695522869248;4.62433;-74.063644;40km
NesberoR;2018-03-18 21:39;0;jajajajaja, mucho igualao, ese si era un senor no un fantoche como usted. Decentes???;;975547167728455681;https://twitter.com/NesberoR/status/975547167728455681;4.62433;-74.063644;40km
kaxaandra;2018-03-18 00:40;0;https:// youtu.be/GttBRNdt4q0 @petrogustavo;;975230536284360704;https://twitter.com/kaxaandra/status/975230536284360704;4.62433;-74.063644;40km
NesberoR;2018-03-16 21:39;0;, ningun error, es asi, lo que pasa es que Fajardo si es todo un senor.;;974822464348999680;https://twitter.com/NesberoR/status/974822464348999680;4.62433;-74.063644;40km
jalejandroe;2018-03-16 17:05;0;Viva petro , asi son todas sus propuestas en Bogota, Colombia https://www. instagram.com/p/BgZgashnJUJ/;;974753474540900354;https://twitter.com/jalejandroe/status/974753474540900354;4.62433;-74.063644;40km
andresecepeda;2018-03-16 13:38;0;No habra en Colombia rasero mas eficiente contra la corrupcion que las manos juntas de @ClaudiaLopez , @JERobledo Y @petrogustavo;;974701535727968257;https://twitter.com/andresecepeda/status/974701535727968257;4.62433;-74.063644;40km
NesberoR;2018-03-16 12:57;0;. Insisto, los partidarios de Petro lo unico que saben es agredir a quien no este de acuerdo con ellos.;;974691115172532225;https://twitter.com/NesberoR/status/974691115172532225;4.62433;-74.063644;40km
finseya5;2018-03-16 11:40;0;@petrogustavo @agaviriau Hospitales de San Andres y Providencia en crisis total. Cuantos anos mas de evidencia para cambiar de modelo?;;974671700708208640;https://twitter.com/finseya5/status/974671700708208640;4.62433;-74.063644;40km
andresecepeda;2018-03-15 22:53;0;Hagamos caso de lo que @petrogustavo ha dicho. La construccion de redes y difusion del saber para el pueblo, elecciones x @ColombiaHumana_;;974478720454086657;https://twitter.com/andresecepeda/status/974478720454086657;4.62433;-74.063644;40km
mesaldarriaga;2018-03-15 21:20;2;Que tal el espectaculo de cuadro que le pintaron a Gustavo Petro ,... https://www. instagram.com/p/BgXY3Rsh_GO5 yUmqgfZnvFaiUTCtUzqYS_5Ns40/ ...;;974455392599183360;https://twitter.com/mesaldarriaga/status/974455392599183360;4.62433;-74.063644;40km
GuzmanBogota;2018-03-15 19:14;7;!Unamonos para que se unan @DeLaCalleHum @sergio_fajardo @petrogustavo ! Si los jovenes nos movemos Colombia se transforma. @PartidoLiberal @FerchoMerchanR @QuinteroCalle @Parcejul @camilogvillegas @LiberalismoCrea @DanielSamperO @DCoronell #NuevoTiempo pic.twitter.com/YPvAf12ksL;#NuevoTiempo;974423629227282433;https://twitter.com/GuzmanBogota/status/974423629227282433;4.62433;-74.063644;40km
NesberoR;2018-03-15 01:52;0;no tengo ninguna afinidad politica, pero lo que tengo claro es que Petro no es!;;974161347024965633;https://twitter.com/NesberoR/status/974161347024965633;4.62433;-74.063644;40km
NesberoR;2018-03-14 22:15;1;quienes siguen a Petro son muy fastidiosos, el manejo de un pais no es improvisando.;;974106752777183233;https://twitter.com/NesberoR/status/974106752777183233;4.62433;-74.063644;40km
TrendsCO;2018-03-14 15:53;1;Santiago Petro ., @santuitazo es ahora una tendencia en Colombia https://www. trendsmap.com/r/CO_pfyvqg pic.twitter.com/YCmvRFrsw6;;974010721104166913;https://twitter.com/TrendsCO/status/974010721104166913;4.62433;-74.063644;40km
niutes;2018-03-13 21:53;0;Por q le dio oportunidades de surgir a los q se ganan un s.m. esclavitud fomentada por los grandes comerciantes y industriales q requieren mano de obra barata no por economia si no por avaricia por q en ves de gastarse una fortuna en reuniones no se invierte en los trabajadores;;973738804887674880;https://twitter.com/niutes/status/973738804887674880;4.62433;-74.063644;40km
IsmaelGaviria2;2018-03-13 15:03;0;Hay tiene a lo quieren a #petro @alvarouribevel en Bogota, Colombia https://www. instagram.com/p/BgRjkFyh8uc/;#petro;973635665312202752;https://twitter.com/IsmaelGaviria2/status/973635665312202752;4.62433;-74.063644;40km
ElSacroJaguar;2018-03-13 13:06;0;@sergio_fajardo @DeLaCalleHum le dicen "polarizado" a Petro ... Debe ser que el MOIR lo dirigen unas monjitas...;;973606276122005504;https://twitter.com/ElSacroJaguar/status/973606276122005504;4.62433;-74.063644;40km
MarthaCdeRamos;2018-03-13 12:08;0;A las empresas llega carta registraduria pidiendo listado total empleados para asignarlos. Lo otro dicho es FALSO.;;973591720947519488;https://twitter.com/MarthaCdeRamos/status/973591720947519488;4.62433;-74.063644;40km
TrendsBogota;2018-03-13 00:39;1;Gustavo Petro , @petroogustavo es ahora una tendencia en #Bogota https://www. trendsmap.com/r/CO_BOG_tcpfpa pic.twitter.com/Nxsaw1p44F;#Bogot;973418168768229377;https://twitter.com/TrendsBogota/status/973418168768229377;4.62433;-74.063644;40km
canon_manuel;2018-03-12 19:30;0;#LaNocheConTuEleccion Petro deberia escoger su vice en el centro izquierda y hacer un acuerdo programatico con los verdes y liberales.;#LaNocheConTuEleccion;973340508805369856;https://twitter.com/canon_manuel/status/973340508805369856;4.62433;-74.063644;40km
NesberoR;2018-03-12 19:06;0;asi como vamos el doctorisimo va a ir a dar quejas nuevamente a Washington por tener muchas garantias.;;973334428738097152;https://twitter.com/NesberoR/status/973334428738097152;4.62433;-74.063644;40km
jubiladoiss;2018-03-12 13:31;0;Como si por ser Petro ya los otros candidatos van a declinar sus aspiraciones presidenciales..!!!;;973250111101906944;https://twitter.com/jubiladoiss/status/973250111101906944;4.62433;-74.063644;40km
jubiladoiss;2018-03-12 13:28;0;Pero cual Petro fortalecido, si ahora esta chilinguiando coaliciones con Fajardo y De La Calle..!!!;;973249365711171584;https://twitter.com/jubiladoiss/status/973249365711171584;4.62433;-74.063644;40km
NesberoR;2018-03-12 06:06;0;" @ELTIEMPO : #LasMasLeidas 'Creemos que podemos ganar la Presidencia': Petro http:// ow.ly/UuXJ30iSSim " uy, ojala que no! Miren a Bogota.;#LasM;973138175945306112;https://twitter.com/NesberoR/status/973138175945306112;4.62433;-74.063644;40km
castelblanco03;2018-03-11 22:06;0;no botes tu voto #Bogota #colombia #elecciones #2018 #uribe #petro #duque #futuro #dios en... https://www. instagram.com/p/BgNKxIABNOY/;#Bogot #colombia #elecciones #2018 #uribe #petro #duque #futuro #dios;973017291557306369;https://twitter.com/castelblanco03/status/973017291557306369;4.62433;-74.063644;40km
SaulSanchezS;2018-03-11 18:50;0;Petro va despues de la ambulancia https:// twitter.com/Citytv/status/ 972965301313851392 ...;;972967953946824705;https://twitter.com/SaulSanchezS/status/972967953946824705;4.62433;-74.063644;40km
puesdejeme;2018-03-11 14:24;4;Cedritos las Margaritas ll se acaban los tarjetones para la consulta por el @CeDemocratico denunciemos @AlvaroUribeVel @SamuelHoyosM @MariaFdaCabal @PalomaValenciaL @CGurisattiNTN24 A que estamos jugando @Registraduria ahhh pero de @petrogustavo si hay Que falta de respeto!;;972901182833332225;https://twitter.com/puesdejeme/status/972901182833332225;4.62433;-74.063644;40km
finseya5;2018-03-11 14:07;17;#FraudeContraPetro En puesto Boulevard Bogota ocultan tarjeton de Petro .;#FraudeContraPetro;972896743993085952;https://twitter.com/finseya5/status/972896743993085952;4.62433;-74.063644;40km
mesaldarriaga;2018-03-11 11:54;0;Con mis dos amores camino a Usaquen a votar por Gustavo Petro y la... https://www. instagram.com/p/BgME3_XhM8RI K7y48O6ns9Rn1ExqpSHZPnlqg80/ ...;;972863325922054144;https://twitter.com/mesaldarriaga/status/972863325922054144;4.62433;-74.063644;40km
finseya5;2018-03-11 11:52;0;Llegan quejas y testimonios de fraude en todo http:// el.pa is, esten alertas. Compra de votos, negacion del tarjeton de Petro , carruseles, de todo!;;972862738744606721;https://twitter.com/finseya5/status/972862738744606721;4.62433;-74.063644;40km
finseya5;2018-03-10 16:24;1;https://www. elespectador.com/noticias/medio -ambiente/limites-de-las-reservas-forestales-del-pais-estaran-en-manos-de-las-car-preocupa-destino-de-la-van-articulo-743708 ... por la reserva van der hamen,los humedales y los cerros orientales, YO VOTO PETRO;;972584002258391040;https://twitter.com/finseya5/status/972584002258391040;4.62433;-74.063644;40km
ThCharlesAngels;2018-03-09 15:54;0;Pero tampoco es culpa de penalosa ni petro , ni antecesores!!! en... https://www. instagram.com/p/BgHdp9iBiK1X QjmLOFbQY0Earu4qxO4ThnN7aE0/ ...;;972214139706855425;https://twitter.com/ThCharlesAngels/status/972214139706855425;4.62433;-74.063644;40km
finseya5;2018-03-09 07:46;2;http:// m.eltiempo.com/opinion/column istas/enrique-santos-molano/que-propone-petro-elecciones-presidenciales-2018-191620 ... Peligro de fraude, el valor de la decencia y Petro una revolucion en marcha II. Muy buena columna.;;972091290967003136;https://twitter.com/finseya5/status/972091290967003136;4.62433;-74.063644;40km
pipasgeorge;2018-03-08 23:10;0;Petro vas divinamente aprendiendole a tu gran profesor Maduro,ponga a la Corte para que Investigue ,OyO Pinocho Petro;;971961403841036288;https://twitter.com/pipasgeorge/status/971961403841036288;4.62433;-74.063644;40km
pipasgeorge;2018-03-08 22:47;0;El payaso del Petro que confundio las piedras con las balas, se le olvido que es una Metralleta,y sus Titeres creyendo en el.;;971955594998382592;https://twitter.com/pipasgeorge/status/971955594998382592;4.62433;-74.063644;40km
mesaldarriaga;2018-03-08 18:15;0;#YoVotoPetro Petro Presidente A difundir!! http:// petro.com.co en Bogota,... https://www. instagram.com/p/BgFI_8vhrIlT rKKv5WNRNbJxE_W_7LSHlKPu5w0/ ...;#YoVotoPetro;971887235174944769;https://twitter.com/mesaldarriaga/status/971887235174944769;4.62433;-74.063644;40km
NesberoR;2018-03-08 16:15;0;mucha vitrina para el doctorisimo y su campana, semejante tipo para presidente de locombia? horror;;971857013264322560;https://twitter.com/NesberoR/status/971857013264322560;4.62433;-74.063644;40km
miguelballes_tv;2018-03-08 15:10;0;?Por que cree usted que los corruptos le temen a Petro ? #Repost ... https://www. instagram.com/p/BgEzDyDBI3B/;#Repost;971840671131738112;https://twitter.com/miguelballes_tv/status/971840671131738112;4.62433;-74.063644;40km
NesberoR;2018-03-08 14:43;0;" @lafm : Imelda Daza: Gustavo Petro puntea las encuestas, entonces lo tendremos en cuenta http:// bit.ly/2oYXZXy #LAFM " ahi se van a juntar;#LAFM;971833753462099971;https://twitter.com/NesberoR/status/971833753462099971;4.62433;-74.063644;40km
ecuellof;2018-03-08 11:58;0;Las FARC viejos aliados de PETRO . en Bogota, Colombia https://www. instagram.com/p/BgEd1kLgjHv/;;971792315697319936;https://twitter.com/ecuellof/status/971792315697319936;4.62433;-74.063644;40km
ecuellof;2018-03-08 11:56;0;Las FARC nuevos aliados politicos de PETRO . Despierta Colombia en Bogota, Colombia https://www. instagram.com/p/BgEdm55Adad/;;971791810455621632;https://twitter.com/ecuellof/status/971791810455621632;4.62433;-74.063644;40km
SaulSanchezS;2018-03-08 11:35;0;Igual les quede Petro ... https:// twitter.com/bbcmundo/statu s/971773064806649856 ...;;971786442803474433;https://twitter.com/SaulSanchezS/status/971786442803474433;4.62433;-74.063644;40km
finseya5;2018-03-08 11:22;0;@petrogustavo En Colombia Humana poder politico real, igualdad de oportunidades y 0 tolerancia a la violencia contra las mujeres.;;971783104275865601;https://twitter.com/finseya5/status/971783104275865601;4.62433;-74.063644;40km
juancelene;2018-03-07 22:29;0;El mejor merado senor maduro es la clase media que el petro lo maneje 60 millones de personas brinde esas facilidades;;971588746419277825;https://twitter.com/juancelene/status/971588746419277825;4.62433;-74.063644;40km
juancelene;2018-03-07 22:00;0;Por que la critomoneda petro dolar si es buena y el petro venezolano no si es del mismo respaldo yo aprecio a los gringos pero apoyo;;971581311063412737;https://twitter.com/juancelene/status/971581311063412737;4.62433;-74.063644;40km
juancelene;2018-03-07 21:51;0;O por lo menos el petro se valoriza inimaginable eso es una suerte por ahora apretar la corrupcion y brindar liberta de inversion;;971579218508251136;https://twitter.com/juancelene/status/971579218508251136;4.62433;-74.063644;40km
pipasgeorge;2018-03-07 21:05;0;Segun usted quien los trajo,usted es el tiene que ir a mirar lo que trajo Petro y tuvieron que dejar de canecas;;971567463920996354;https://twitter.com/pipasgeorge/status/971567463920996354;4.62433;-74.063644;40km
pipasgeorge;2018-03-07 14:40;0;Esa Perla el lunes se la voy tirar a los medios de comunicacion.;;971470696659505152;https://twitter.com/pipasgeorge/status/971470696659505152;4.62433;-74.063644;40km
pipasgeorge;2018-03-07 14:38;0;Yo habla de los que estan tirados en la via Villavicencio;;971470199881895936;https://twitter.com/pipasgeorge/status/971470199881895936;4.62433;-74.063644;40km
pipasgeorge;2018-03-07 14:33;0;Titere pendejo y ciego vaya y miren;;971468897978372096;https://twitter.com/pipasgeorge/status/971468897978372096;4.62433;-74.063644;40km
pipasgeorge;2018-03-07 14:32;0;Por favor vaya y miren,cuando quiera los llevo;;971468609322127360;https://twitter.com/pipasgeorge/status/971468609322127360;4.62433;-74.063644;40km
pipasgeorge;2018-03-07 14:30;0;Usted que es un Titere de Petro ,me imagino que usted vive como ese Izquierdista en Palacio de tres mil millones;;971468254643392513;https://twitter.com/pipasgeorge/status/971468254643392513;4.62433;-74.063644;40km
pipasgeorge;2018-03-07 10:49;0;Si son berracos se los muestro y ustedes diran y antes de Domingo;;971412614810079232;https://twitter.com/pipasgeorge/status/971412614810079232;4.62433;-74.063644;40km
pipasgeorge;2018-03-07 08:02;0;No soy Uribista,porque no soy Titere nadie Ignorantes;;971370559929049089;https://twitter.com/pipasgeorge/status/971370559929049089;4.62433;-74.063644;40km
pipasgeorge;2018-03-07 07:58;0;Ese precio en su epoca,eso como se llama ?;;971369620098748417;https://twitter.com/pipasgeorge/status/971369620098748417;4.62433;-74.063644;40km
pipasgeorge;2018-03-07 07:57;0;Vallan al sur donde hay mas15 carros tirados desde que llegaron y tomen fotos y averiguen, camiones a $250'.000.000;;971369165121622016;https://twitter.com/pipasgeorge/status/971369165121622016;4.62433;-74.063644;40km
pipasgeorge;2018-03-07 07:52;0;Perdon nunca ha contestado ese porque la mascara se la quito y el y sus testaferros tambien,investiguelo ustedes;;971368100141649920;https://twitter.com/pipasgeorge/status/971368100141649920;4.62433;-74.063644;40km
pipasgeorge;2018-03-07 07:49;4;Gustavo Petro usted porque nunca me ha respondido sobre los camiones de la basura que trajo y no sirvieron y que se gano $ ?;;971367143483822086;https://twitter.com/pipasgeorge/status/971367143483822086;4.62433;-74.063644;40km
Andycam0610;2018-03-06 12:21;0;Jajajaja total mejor sigo leyendo cosas productivas @WilliamGorut ... Excelente libro escrito por el profe @CarlosMedinaG1 ferviente defensor de la paz a la que criticos como estos de sofa tantas trabas quiere ponerle... Y me reporto desde la BLAA donde estoy echando bazuco jeje! pic.twitter.com/ZFLpAqg4vI;;971073310409797634;https://twitter.com/Andycam0610/status/971073310409797634;4.62433;-74.063644;40km
yolanda201444;2018-03-06 12:05;0;todos son una chandal no piensan en el pueblo y los campesinos si no en llenar sus bolsillos;;971069262184906752;https://twitter.com/yolanda201444/status/971069262184906752;4.62433;-74.063644;40km
Williamvarg2016;2018-03-05 17:47;0;No olvides reclamar el targeton http:// para.la consulta.interpartidista de petro ...este 11 de marzo pic.twitter.com/J2LcXUmuxm;;970792986379542528;https://twitter.com/Williamvarg2016/status/970792986379542528;4.62433;-74.063644;40km
NesberoR;2018-03-05 13:00;0;Escuchando a Petro el muy trip..... se cree el adalid de la justicia, va a salvar el pais y es un perseguido politico. Que tal el trip.....!;;970720600699363329;https://twitter.com/NesberoR/status/970720600699363329;4.62433;-74.063644;40km
luisferosas;2018-03-05 08:49;1;Paz en la tumba de un grande q alegro generaciones caribenas y Colombianas, el maestro Juancho Torres @petrogustavo pic.twitter.com/JgGGzwYyCa;;970657556111687680;https://twitter.com/luisferosas/status/970657556111687680;4.62433;-74.063644;40km
NesberoR;2018-03-04 14:34;0;leo a todos los seguidores de Petro y son iguales de cerrados a las ideas del tipo, si no se esta con ellos no sirve.;;970382040104398849;https://twitter.com/NesberoR/status/970382040104398849;4.62433;-74.063644;40km
finseya5;2018-03-03 18:51;1;<<La gran politica de seguridad de una sociedad es cuidar a los bebes, ninos ninas y jovenes con amor, saber, alimento y cultura>> Petro .;;970084272685056001;https://twitter.com/finseya5/status/970084272685056001;4.62433;-74.063644;40km
ismaelcorredor;2018-03-03 16:31;0;@GustavoBolivar @petrogustavo en Ciudad Bolivar pic.twitter.com/XVWe6lq59l;;970048963951853568;https://twitter.com/ismaelcorredor/status/970048963951853568;4.62433;-74.063644;40km
finseya5;2018-03-02 17:21;7;@petrogustavo atentado contra Gustavo Petro en Cucuta. El Establecimiento de nuevo intenta acabar la vida y la democracia.;;969699367065149441;https://twitter.com/finseya5/status/969699367065149441;4.62433;-74.063644;40km
Juan_pedraza;2018-03-02 11:01;0;Para que dejen de joder con que Petro expropiara la tierra en Bogota, Colombia https://www. instagram.com/p/Bf06em5gPve/;;969603536282669061;https://twitter.com/Juan_pedraza/status/969603536282669061;4.62433;-74.063644;40km
GermanSuarezVal;2018-03-02 10:34;0;@petrogustavo Candidato por favor responda: Que tan cierto es que Usted quiere cambiar a Colombia como LA ACTUAL VENEZUELA? Diga la verdad;;969596710858182658;https://twitter.com/GermanSuarezVal/status/969596710858182658;4.62433;-74.063644;40km
finseya5;2018-03-01 21:57;45;#GarantiasPetroCucuta @petrogustavo @HOLLMANMORRIS Alcalde Cucuta prohibe manifestacion Petro manana. Ahi estaremos por la democracia.;#GarantiasPetroCucuta;969406410458124288;https://twitter.com/finseya5/status/969406410458124288;4.62433;-74.063644;40km
Tania_Gn;2018-03-01 08:21;0;@petrogustavo No es deseable utilizar un discurso apocaliptico sobre la guerra en Colombia. No es un estado binario:Guerra o Paz.;;969200834784489472;https://twitter.com/Tania_Gn/status/969200834784489472;4.62433;-74.063644;40km
jbjohnbuenahora;2018-03-31 13:43;0;Mmmmmmmm. en Parque Jaime Duque https://www. instagram.com/p/Bg_xO1FgU6i8 J7jRzZ-ACJz3qxdygR3H7Hx0QM0/ ...;;980138481472233472;https://twitter.com/jbjohnbuenahora/status/980138481472233472;4.62433;-74.063644;40km
jbjohnbuenahora;2018-03-31 13:37;0;Acaba de publicar una foto en Parque Jaime Duque https://www. instagram.com/p/Bg_whsaguhSI KjRT-fOQsgAP9PL-7u4fQ-cgac0/ ...;;980136918145941504;https://twitter.com/jbjohnbuenahora/status/980136918145941504;4.62433;-74.063644;40km
CepedaCa;2018-03-30 21:14;0;@OIZuluaga doctor Zuluaga en la campana del 2014 lo apoyamos hoy seguimos en la lucha con el doctor Duque gracias por CD;;979889558752985088;https://twitter.com/CepedaCa/status/979889558752985088;4.62433;-74.063644;40km
RafaDazaP;2018-03-30 18:02;0;Acaba de publicar una foto en Parque Jaime Duque https://www. instagram.com/p/Bg9qFbhHofxe X5YCIIKupuhL9u2KZe8jJwV0mY0/ ...;;979841292342579200;https://twitter.com/RafaDazaP/status/979841292342579200;4.62433;-74.063644;40km
RafaDazaP;2018-03-30 17:18;0;Acaba de publicar una foto en Parque Jaime Duque https://www. instagram.com/p/Bg9lAK9HdlTz go6vAE1jwunkKoN-XK5FAmwLyg0/ ...;;979830210404212736;https://twitter.com/RafaDazaP/status/979830210404212736;4.62433;-74.063644;40km
veraktla;2018-03-29 11:23;0;Jaime Duque was an extremely wealthy man who took aeronautics to #colombia . Since he was able to... https://www. instagram.com/p/Bg6Xr5-h54c/;#colombia;979378625849020417;https://twitter.com/veraktla/status/979378625849020417;4.62433;-74.063644;40km
TrendsBogota;2018-03-28 09:32;1;Ivan Duque Presidente, @duquepresidente es ahora una tendencia en #Bogota https://www. trendsmap.com/r/CO_BOG_ypnfcr pic.twitter.com/SFlZdJM8Tq;#Bogot;978988302995939330;https://twitter.com/TrendsBogota/status/978988302995939330;4.62433;-74.063644;40km
Aristeigueta_25;2018-03-28 09:24;0;"Parque Jaime Duque " . . #travel #visitante #paseo #sunday #memory #moment #good #cundinamarca ... https://www. instagram.com/p/Bg3lL4vjAA3/;#travel #visitante #paseo #sunday #memory #moment #good #cundinamarca;978986097349820416;https://twitter.com/Aristeigueta_25/status/978986097349820416;4.62433;-74.063644;40km
Jhonybrit;2018-03-25 22:16;0;#ParqueJaimeDuque #Domingo #Tardeando #Love #InstaPic #Zoo en Parque Jaime Duque https://www. instagram.com/p/BgxPPPKAuZD/;#ParqueJaimeDuque #Domingo #Tardeando #Love #InstaPic #Zoo;978093393267093505;https://twitter.com/Jhonybrit/status/978093393267093505;4.62433;-74.063644;40km
Duque_de_Berry;2018-03-25 13:21;0;Cuidado. Ola de burundanga. @Bogota, Colombia https://www. instagram.com/p/BgwR9JhBqXSM kOXLjdS6edtbHn49OOdrMzoCno0/ ...;;977958636529078272;https://twitter.com/Duque_de_Berry/status/977958636529078272;4.62433;-74.063644;40km
finseya5;2018-03-24 17:00;2;Y Duque ahora se invento un fracking bueno y uno malo. En Colombia Humana NO AL FRACKING;;977651372781920256;https://twitter.com/finseya5/status/977651372781920256;4.62433;-74.063644;40km
jubiladoiss;2018-03-23 08:12;0;. La mejor encuesta es con votos y ese dia veran que la 2a. Vuelta sera entre Duque vs Vargas !;;977156019129339906;https://twitter.com/jubiladoiss/status/977156019129339906;4.62433;-74.063644;40km
Duque_de_Berry;2018-03-21 14:27;0;Tesoros del Museo Nacional de Colombia: Tarjeta de participacion del... https://www. instagram.com/p/BgmGVEthJHe5 wjdnzgkSA_vSno97Gdnl9yVqVc0/ ...;;976525696469225472;https://twitter.com/Duque_de_Berry/status/976525696469225472;4.62433;-74.063644;40km
Duque_de_Berry;2018-03-21 14:16;0;Placa de una locomotora del desaparecido Ferrocarril del... https://www. instagram.com/p/BgmE35aBqJJl Uehgb_loFkGeV_K1-DPAc4tuZk0/ ...;;976522982775500800;https://twitter.com/Duque_de_Berry/status/976522982775500800;4.62433;-74.063644;40km
JoseJosemonix;2018-03-21 07:44;0;Escuchando a Yolanda Ruiz ,decir <<Atraco a mano armada>>; Si eso es la directora ,como sera el resto. Por eso Duque sale con el 40 %.;;976424274549460994;https://twitter.com/JoseJosemonix/status/976424274549460994;4.62433;-74.063644;40km
Duque_de_Berry;2018-03-20 22:44;0;"El alegato de la Asamblea" oleo sobre retablo ca. 1650 @Barroco Bgota https://www. instagram.com/p/Bgkac3_B3lFM 7D0yfpzUXhdf4s09JvLLHBUkN40/ ...;;976288476009136128;https://twitter.com/Duque_de_Berry/status/976288476009136128;4.62433;-74.063644;40km
NatiPedreros;2018-03-20 21:07;0;Gracias por tanto alfonsiny007 . #JaimeDuque en Parque Jaime Duque https://www. instagram.com/p/BgkPXbVj-82/;#JaimeDuque;976264090862702592;https://twitter.com/NatiPedreros/status/976264090862702592;4.62433;-74.063644;40km
NatiPedreros;2018-03-20 20:48;0;Parque Jaime Duque en Parque Jaime Duque https://www. instagram.com/p/BgkNGcyjBoR/;;976259109258498049;https://twitter.com/NatiPedreros/status/976259109258498049;4.62433;-74.063644;40km
NatiPedreros;2018-03-20 19:11;0;Conmigo nada es facil, ya debes saber (Me conoces bien) en Parque Jaime Duque https://www. instagram.com/p/BgkB_djjDJo/;;976234837039173632;https://twitter.com/NatiPedreros/status/976234837039173632;4.62433;-74.063644;40km
Caviedesadri;2018-03-20 11:45;0;Que susto!!! en Parque Jaime Duque https://www. instagram.com/p/BgjPELthJ-d/;;976122690762395648;https://twitter.com/Caviedesadri/status/976122690762395648;4.62433;-74.063644;40km
alba_farm;2018-03-20 01:20;0;#fsradiocolombia :: Creo que ni Teo ni Aguilar, nenis Chara tienen nivel, creo que uno que esta pidiendo pista en la selection es Duque;#fsradiocolombia;975965182135537664;https://twitter.com/alba_farm/status/975965182135537664;4.62433;-74.063644;40km
TrendsCO;2018-03-19 21:56;0;Ivan Duque Marquez, @ivanduquem es ahora una tendencia en Colombia https://www. trendsmap.com/r/CO_ftxdko pic.twitter.com/2qZkbHZKfq;;975914008887906304;https://twitter.com/TrendsCO/status/975914008887906304;4.62433;-74.063644;40km
EstefaniaM7;2018-03-19 08:54;0;Sis @Parque Jaime Duque https://www. instagram.com/p/BggWr5BhKFfd Xxf2sP5t8RV1Wk3lDRyQlTZ9cg0/ ...;;975717235527438337;https://twitter.com/EstefaniaM7/status/975717235527438337;4.62433;-74.063644;40km
JovanyMondragon;2018-03-18 16:13;0;Castillo medieval en Parque Jaime Duque https://www. instagram.com/p/BgekFv2nwwGe 5BeDLFXT9V4jOqR5ixJPduIWak0/ ...;;975465238073106432;https://twitter.com/JovanyMondragon/status/975465238073106432;4.62433;-74.063644;40km
JovanyMondragon;2018-03-18 15:39;0;De paseo en Parque Jaime Duque https://www. instagram.com/p/BgegJPpHwd3Y ZHihb33C28ym7PvGfrzOlMfGIk0/ ...;;975456564869033994;https://twitter.com/JovanyMondragon/status/975456564869033994;4.62433;-74.063644;40km
OtroVallejo;2018-03-18 15:37;0;Acaba de publicar una foto en Parque Jaime Duque https://www. instagram.com/p/Bgef0gbFtM2/;;975456103596220416;https://twitter.com/OtroVallejo/status/975456103596220416;4.62433;-74.063644;40km
OtroVallejo;2018-03-18 15:34;0;Acaba de publicar una foto en Parque Jaime Duque https://www. instagram.com/p/BgefraiFKmr/;;975455535674912768;https://twitter.com/OtroVallejo/status/975455535674912768;4.62433;-74.063644;40km
OtroVallejo;2018-03-18 14:08;0;Acaba de publicar una foto en Parque Jaime Duque https://www. instagram.com/p/BgeVyjsFcz0/;;975433789399879680;https://twitter.com/OtroVallejo/status/975433789399879680;4.62433;-74.063644;40km
OtroVallejo;2018-03-18 13:02;0;Good day. en Parque Jaime Duque https://www. instagram.com/p/BgeOQIpF6kP/;;975417213699133444;https://twitter.com/OtroVallejo/status/975417213699133444;4.62433;-74.063644;40km
Duque_de_Berry;2018-03-16 10:00;0;Don Tisquesusa III. Rey de Bogota. @Bogota, Colombia https://www. instagram.com/p/BgYvyekhXDgw j9nWx_oRMw_LU9_cJjTrqMMR-A0/ ...;;974646540768808960;https://twitter.com/Duque_de_Berry/status/974646540768808960;4.62433;-74.063644;40km
henrytovarvalbu;2018-03-14 16:09;0;@JuanpTello @IvanDuque Duque recuerde que los del SI no estamos pintados;;974014757329088513;https://twitter.com/henrytovarvalbu/status/974014757329088513;4.62433;-74.063644;40km
andrem2z;2018-03-13 21:19;1;Seria muy bueno. tu apoyo es muy importante para que Duque sea presidente!;;973730342669619200;https://twitter.com/andrem2z/status/973730342669619200;4.62433;-74.063644;40km
jubiladoiss;2018-03-13 12:32;0;Entonces por curiosidad, miren q en facebook Silvestre Dangond hace alarde que voto por Ivan Duque;;973597592012673027;https://twitter.com/jubiladoiss/status/973597592012673027;4.62433;-74.063644;40km
mandrake_magus;2018-03-12 09:18;0;Ya somos ganadores ya que los votos que recibio Duque estan divididos entre conservadores cambio... https://www. instagram.com/p/BgOX1nUhNUB/;;973186498664304640;https://twitter.com/mandrake_magus/status/973186498664304640;4.62433;-74.063644;40km
edward_bet;2018-03-12 00:09;0;Duque presidente!! Jajajajaja en Bogota, Colombia https://www. instagram.com/p/BgNZCPUBYwd/;;973048398432669696;https://twitter.com/edward_bet/status/973048398432669696;4.62433;-74.063644;40km
TrendsCO;2018-03-11 21:15;1;#duque es ahora una tendencia en Colombia https://www. trendsmap.com/r/CO_mbgquc pic.twitter.com/L9p8x6f05W;#duque;973004547303137280;https://twitter.com/TrendsCO/status/973004547303137280;4.62433;-74.063644;40km
Laura_17Mar;2018-03-11 21:03;0;Mis amores, ?Quien conocia a Duque hace dos anos? Nadie! Entonces ya saben, Uribe recibe propuestas para ser representante de quien sea.;;973001477445836803;https://twitter.com/Laura_17Mar/status/973001477445836803;4.62433;-74.063644;40km
karolsanchez69;2018-03-11 20:16;0;?Porque quieren votar por Duque ? Realmente no entiendo.;;972989583595106305;https://twitter.com/karolsanchez69/status/972989583595106305;4.62433;-74.063644;40km
MrVenao;2018-03-11 19:21;0;Ivan Duque 67%, elquedigauribeotraveznoporfavor 25%, Ordonez 6%.;;972975924152029184;https://twitter.com/MrVenao/status/972975924152029184;4.62433;-74.063644;40km
andrescorcia;2018-03-11 16:04;0;Duque Presidente!!!! @Bogota, Colombia https://www. instagram.com/p/BgMhh4ghgcA/;;972926335587790848;https://twitter.com/andrescorcia/status/972926335587790848;4.62433;-74.063644;40km
Duque_de_Berry;2018-03-10 11:29;0;Nueva expo del @_mambogota "Hay que saberse infinito". @MAMBO -... https://www. instagram.com/p/BgJkBMXhGf7m 4Y0tgoRbuDg-ZZUkNn2Ie8y9aI0/ ...;;972509811568009217;https://twitter.com/Duque_de_Berry/status/972509811568009217;4.62433;-74.063644;40km
TrendsCO;2018-03-09 10:43;0;Lvan Duque No, @ivan_ duque _ es ahora una tendencia en Colombia https://www. trendsmap.com/r/CO_vpsbab pic.twitter.com/3XVolPEpnQ;;972135730288955394;https://twitter.com/TrendsCO/status/972135730288955394;4.62433;-74.063644;40km
Duque_de_Berry;2018-03-08 21:55;0;#perrulo @Parque Central Bavaria https://www. instagram.com/p/BgFiF8ehGY_w huy4iTYU1fBQCVn25qNtudWGR80/ ...;#perrulo;971942417359343621;https://twitter.com/Duque_de_Berry/status/971942417359343621;4.62433;-74.063644;40km
luisferosas;2018-03-08 12:01;0;Ella es Natalia Duque , ejem responsabilidad y honestidad, su amor profesional la mecanica, Bta Ciudad jardin Norte. pic.twitter.com/8fUPlAKacD;;971793116306071552;https://twitter.com/luisferosas/status/971793116306071552;4.62433;-74.063644;40km
undercrewhh;2018-03-05 12:03;0;Me ofende de sobremanera esos hijueputas comerciales politiqueros de ''vota por duque , es el mejor'' a la mierda. A interrumpirme los tracks;;970706267672064001;https://twitter.com/undercrewhh/status/970706267672064001;4.62433;-74.063644;40km
Duque_de_Berry;2018-03-03 10:55;0;Emprendimiento. #arte @Museo de Arte Contemporaneo de Bogota https://www. instagram.com/p/Bf3embWBVEnh GDmZQf7KCizXoUsduxvJwPHqHc0/ ...;#arte;969964408637214720;https://twitter.com/Duque_de_Berry/status/969964408637214720;4.62433;-74.063644;40km
Duque_de_Berry;2018-03-03 10:43;0;Los carteles de Cali. #arte @Museo de Arte Contemporaneo de Bogota https://www. instagram.com/p/Bf3dOveBQWAD Hc9kv7kSyUAK-RKFGOcwzFoxN40/ ...;#arte;969961402050981896;https://twitter.com/Duque_de_Berry/status/969961402050981896;4.62433;-74.063644;40km
Duque_de_Berry;2018-03-03 10:41;0;La caida del mexicano. #arte @Museo de Arte Contemporaneo de Bogota https://www. instagram.com/p/Bf3dAMdBqLS8 1e6Ww4kqYY6CEfFyWqErAcW6-M0/ ...;#arte;969960895316201473;https://twitter.com/Duque_de_Berry/status/969960895316201473;4.62433;-74.063644;40km
AnelGrimaldo;2018-03-01 17:52;0;Vamos ! Entra al laberinto Grimaldo ! en Parque Jaime Duque https://www. instagram.com/p/BfzEvY9HMaC/;;969344585062387717;https://twitter.com/AnelGrimaldo/status/969344585062387717;4.62433;-74.063644;40km
GermanSuarezVal;2018-03-31 17:57;0;@sergio_ fajardo Pido al Congreso debatir: Legalizar Drogas y poder exportar sus derivados bien elaborados MADE IN COLOMBIA;;980202485955612672;https://twitter.com/GermanSuarezVal/status/980202485955612672;4.62433;-74.063644;40km
GermanSuarezVal;2018-03-31 17:52;0;@sergio_ fajardo Formemos el Pais que queremos, Desarrollado, sin Corrupcion, sin mentiras. Todo un Paraiso que venga gente de todo el mundo;;980201241065213952;https://twitter.com/GermanSuarezVal/status/980201241065213952;4.62433;-74.063644;40km
CocineroValdes;2018-03-27 20:50;0;sergiofajardovalderrama #sisepuede #fajardopresidente #fajardopropone #fajardo en Bogota, Colombia https://www. instagram.com/p/Bg2NcmjAq-C/;#sisepuede #fajardopresidente #fajardopropone #fajardo;978796391781761026;https://twitter.com/CocineroValdes/status/978796391781761026;4.62433;-74.063644;40km
jubiladoiss;2018-03-26 20:14;0;Pues claro que es posible esa alianza,!! Pero con De La Calle como candidato presidencial y Fajardo como vicepresidente.!!;;978424874308915201;https://twitter.com/jubiladoiss/status/978424874308915201;4.62433;-74.063644;40km
jubiladoiss;2018-03-23 08:08;0;que De La Calle se prepare para ir hasta el final como candidato presidencial o que pague la multa por narciso.;;977155031794319360;https://twitter.com/jubiladoiss/status/977155031794319360;4.62433;-74.063644;40km
jubiladoiss;2018-03-23 08:05;0;si el peloton (De La Calle) no tiene fuerzas (votos) para alcanzar al lider, entonces no hay como negociar.;;977154332905951234;https://twitter.com/jubiladoiss/status/977154332905951234;4.62433;-74.063644;40km
jubiladoiss;2018-03-23 08:01;0;Hola no insistan, q no hay ningun lider q espere al peloton para cederle el liderato. El quiere ser el candidato;;977153386750660608;https://twitter.com/jubiladoiss/status/977153386750660608;4.62433;-74.063644;40km
Kmy_Cortes;2018-03-20 11:22;0;Espero que la larga fila en la registraduria para inscribir su cedula sea porque se estan dando cuenta de que si no eligen el cambio seguiremos de mal en peor #SePuede @ClaudiaLopez @sergio_ fajardo;#SePuede;976116755423735809;https://twitter.com/Kmy_Cortes/status/976116755423735809;4.62433;-74.063644;40km
jubiladoiss;2018-03-20 10:47;0;No entiendo como puede haber union si cada uno no quiere declinar su candidatura hacia el otro.!;;976107981334106112;https://twitter.com/jubiladoiss/status/976107981334106112;4.62433;-74.063644;40km
semiologoatento;2018-03-19 21:57;0;EL MEJOR CANDIDATO A LA PRESIDENCIA;;975914110729752576;https://twitter.com/semiologoatento/status/975914110729752576;4.62433;-74.063644;40km
NesberoR;2018-03-18 21:41;0;yo quiero un pais que no este en las manos da Petro.;;975547695522869248;https://twitter.com/NesberoR/status/975547695522869248;4.62433;-74.063644;40km
GuzmanBogota;2018-03-15 19:14;7;!Unamonos para que se unan @DeLaCalleHum @sergio_ fajardo @petrogustavo ! Si los jovenes nos movemos Colombia se transforma. @PartidoLiberal @FerchoMerchanR @QuinteroCalle @Parcejul @camilogvillegas @LiberalismoCrea @DanielSamperO @DCoronell #NuevoTiempo pic.twitter.com/YPvAf12ksL;#NuevoTiempo;974423629227282433;https://twitter.com/GuzmanBogota/status/974423629227282433;4.62433;-74.063644;40km
TrendsBogota;2018-03-15 01:55;0;Fajardo Presidente, @sfajardo_2018 es ahora una tendencia en #Bogota https://www. trendsmap.com/r/CO_BOG_sbmhxi pic.twitter.com/FL4V14poNO;#Bogot;974162195960532992;https://twitter.com/TrendsBogota/status/974162195960532992;4.62433;-74.063644;40km
ElSacroJaguar;2018-03-13 13:06;0;@sergio_ fajardo @DeLaCalleHum le dicen "polarizado" a Petro ... Debe ser que el MOIR lo dirigen unas monjitas...;;973606276122005504;https://twitter.com/ElSacroJaguar/status/973606276122005504;4.62433;-74.063644;40km
Forero87A;2018-03-12 20:16;0;@sergio_ fajardo;;973352093540110336;https://twitter.com/Forero87A/status/973352093540110336;4.62433;-74.063644;40km
567mhmb;2018-03-12 11:07;0;solo necesitamos que gane Fajardo . Solo asi se iniciaria el cambio. Sigamos adelante.;;973213981585354753;https://twitter.com/567mhmb/status/973213981585354753;4.62433;-74.063644;40km
GermanSuarezVal;2018-03-07 13:00;0;@sergio_ fajardo La verdadera PAZ y una Colombia Poderosa inicia Cuando el Estado Comercialice Cocaina a los Estados Consumidores;;971445390565404675;https://twitter.com/GermanSuarezVal/status/971445390565404675;4.62433;-74.063644;40km
GermanSuarezVal;2018-03-07 12:40;0;Dios te bendice, te ilumina, en favor de la Democracia, defensa de Derechos y Deberes, Progreso, bienestar, Felicidad;;971440387553406977;https://twitter.com/GermanSuarezVal/status/971440387553406977;4.62433;-74.063644;40km
luismolarte;2018-03-07 11:51;0;Hoy inscribiendo la candidatura de Fajardo y Claudia a la... https://www. instagram.com/p/BgB4OiNhHB-Y 1SUjyii-EOz9DZX9dvXWezN9K80/ ...;;971428143201488896;https://twitter.com/luismolarte/status/971428143201488896;4.62433;-74.063644;40km
DEIROMARTINEZ;2018-03-07 09:05;0;Con Fajardo se puede. Inscripcion de la candidatura a la presidencia y vicepresidencia de Sergio Fajardo y Claudia Lopez. Se puede. (@Registraduria Nacional del Estado Civil - @registraduria in Bogota, Cundinamarca) https://www. swarmapp.com/c/d5NO1cNfxzG;;971386282420162560;https://twitter.com/DEIROMARTINEZ/status/971386282420162560;4.62433;-74.063644;40km
pipasgeorge;2018-03-07 07:21;0;VIVA EL DR FAJARDO UNA POLITICA SIN INTRIGAS,CERO SISANAS,CERO CORRUPCION Y CONSECUENTE CON EL PUEBLO,ALLA ESTAREMOS A LAS 8AM;;971360289865322496;https://twitter.com/pipasgeorge/status/971360289865322496;4.62433;-74.063644;40km
pipasgeorge;2018-03-04 08:13;0;PRIMERO YA NO SOY URIBISTA FUI ESTOY CON EL DR FAJARDO ,PERO ME MOLESTA LA SISANA Y LA INTRIGA DE ESTE;;970285995068395521;https://twitter.com/pipasgeorge/status/970285995068395521;4.62433;-74.063644;40km
Jdsalamancal;2018-03-15 23:50;0;Bula es como el Vargas Lleras de la @UNColombia . Gas.;;974493059462389761;https://twitter.com/Jdsalamancal/status/974493059462389761;4.62433;-74.063644;40km
TrendsCO;2018-03-27 22:40;0;Sofia Gomez Uribe , @sofigomezu es ahora una tendencia en Colombia https://www. trendsmap.com/r/CO_cjqzxc pic.twitter.com/WdXMSYC7ru;;978824157038292992;https://twitter.com/TrendsCO/status/978824157038292992;4.62433;-74.063644;40km
canon_manuel;2018-03-20 08:46;0;#6AMCaracolMas El pescado muere por la boca y el ex Uribe muestra su talante beligerante y atenta contra la libertad de prensa.;#6AMCaracolMas;976077640917569536;https://twitter.com/canon_manuel/status/976077640917569536;4.62433;-74.063644;40km
DavidPertuzO;2018-03-19 21:35;0;Poniendo cara de Uribe ... #pazpacolombia en Bogota, Colombia https://www. instagram.com/p/Bghtv_hBI_4/;#pazpacolombia;975908701050753024;https://twitter.com/DavidPertuzO/status/975908701050753024;4.62433;-74.063644;40km
Orlandotempo;2018-03-19 18:10;0;Hoy Sara Uribe en una espectacular firma de autografos en el CC Ciudad Tunal en Centro Comercial... https://www. instagram.com/p/BghWNvdBnIU/;;975856947462361090;https://twitter.com/Orlandotempo/status/975856947462361090;4.62433;-74.063644;40km
gdjorgee22;2018-03-18 21:33;1;Si Uribe no fue un buen Presidente para usted, lo fue para la gran... https://www. instagram.com/p/BgfIuo_hBplx EZHACWfK-dwWHogaWiQA9F5yko0/ ...;;975545814645911553;https://twitter.com/gdjorgee22/status/975545814645911553;4.62433;-74.063644;40km
radiobrendan;2018-03-16 17:33;0;Bogota's Barrio La Uribe gearing up for its first ever St Patrick's Day parade ... en La Uribe ,... https://www. instagram.com/p/BgZjolmBkCN/;;974760544040378368;https://twitter.com/radiobrendan/status/974760544040378368;4.62433;-74.063644;40km
